"Designator","Footprint","Mid X","Mid Y","Ref X","Ref Y","Pad X","Pad Y","Layer","Rotation","Comment"
""
"DD10","SOT-23","43.425mm","39.2mm","43.425mm","39.2mm","42.475mm","40.2mm","B","270.00","MAX809SD or IMP809SEUR"
"R19","RESC1005[0402]","29.825mm","48.4mm","29.825mm","48.4mm","29.3mm","48.4mm","T","360.00","ERJ-2RKF2400X"
"R15","RESC1005[0402]","26.925mm","48.4mm","26.925mm","48.4mm","26.4mm","48.4mm","T","360.00","ERJ-2RKF2400X"
"C35","C0402_IPC_High_Density","33.125mm","27.1mm","33.125mm","27.1mm","33.125mm","27.6mm","B","270.00","GRM155R71C104KA88"
"VD14","SOT-23","3mm","34.3mm","3mm","34.3mm","2.05mm","35.3mm","B","270.00","BAV99"
"VD13","SOT-23","11.05mm","34.3mm","11.05mm","34.3mm","10.1mm","35.3mm","B","270.00","BAV99"
"VD12","SOT-23","7.1mm","34.3mm","7.1mm","34.3mm","6.15mm","35.3mm","B","270.00","BAV99"
"C141","C0603","14.2752mm","1.5001mm","14.3mm","1.5mm","13.4751mm","1.5001mm","T","360.00","GRM188R60J106ME47"
"C140","CAPC2012[0805]","10mm","3.4mm","10mm","3.4mm","9.1mm","3.4mm","B","360.00","GRM21BR61E475KA12"
"C123","CAPC2012[0805]","6mm","11.9mm","6mm","11.9mm","6mm","11mm","B","90.00","GRM21BR61E475KA12"
"C92","CAPC2012[0805]","10mm","1.3mm","10mm","1.3mm","9.1mm","1.3mm","B","360.00","GRM21BR61E475KA12"
"C91","CAPC2012[0805]","13.8mm","3.4mm","13.8mm","3.4mm","14.7mm","3.4mm","B","180.00","GRM21BR61E475KA12"
"DD7","SO-8_L","53.8001mm","9.1252mm","53.8001mm","9.1252mm","55.7051mm","11.4752mm","T","270.00","PCF8563T/5"
"C1","C0603","23.3249mm","27.5752mm","23.325mm","27.6mm","23.3249mm","26.7751mm","T","90.00","GRM188R60J106ME47"
"C3","C0402_IPC_High_Density","34.8499mm","26.225mm","34.8499mm","26.225mm","35.3499mm","26.225mm","B","180.00","GRM155R71C104KA88"
"R74","RESC1005[0402]","79.4499mm","30.55mm","79.4499mm","30.55mm","79.4499mm","30.025mm","B","90.00","ERJ-2RKF4751X"
"R66","RESC1005[0402]","61.6499mm","19.625mm","61.6499mm","19.625mm","61.6499mm","19.1mm","B","90.00","ERJ-2RKF4751X"
"C107","C0603","48.325mm","6.7249mm","48.3499mm","6.725mm","47.525mm","6.7249mm","B","360.00","GRM188R60J106ME47"
"VD5","SOT-23","69.9mm","18.2mm","69.9mm","18.2mm","70.9mm","19.15mm","B","180.00","BAT54C-G"
"L11","L_0402","67.4mm","20.5mm","67.4mm","20.5mm","67.4mm","19.975mm","B","90.00","BLM15PX331SN1"
"R65","RESC1005[0402]","61.6499mm","16.225mm","61.6499mm","16.225mm","61.6499mm","15.7mm","B","90.00","ERJ-2RKF4751X"
"C102","C0603","49.7251mm","11.3249mm","49.7499mm","11.325mm","48.925mm","11.3249mm","B","360.00","GRM188R60J106ME47"
"C111","C0603","72.5747mm","15.7251mm","72.5499mm","15.725mm","73.3748mm","15.7251mm","B","180.00","GRM188R60J106ME47"
"R58","RESC1005[0402]","11.4001mm","20.7252mm","11.4001mm","20.7252mm","11.9251mm","20.7252mm","B","180.00","ERJ-2RKF1002X"
"R57","RESC1005[0402]","5.3001mm","23.3252mm","5.3001mm","23.3252mm","5.3001mm","23.8502mm","B","270.00","ERJ-2RKF1002X"
"XP8","PLS-2","74.5mm","2.73mm","74.5mm","4mm","74.5mm","1.46mm","T","90.00","PLS-2"
"XP9","PLS-4","32.45mm","9.1mm","31.22mm","9.1mm","28.68mm","9.1mm","T","360.00","PLS-4"
"R34","RESC1005[0402]","47.825mm","40mm","47.825mm","40mm","47.825mm","39.475mm","T","90.00","ERJ-2RKF1002X"
"L12","SDR0403","14.6mm","10.8mm","14.6mm","10.8mm","14.6mm","12.8mm","T","270.00","SDR0604-2R2ML"
"C130","C0603","14.2752mm","3.2001mm","14.3mm","3.2mm","13.4751mm","3.2001mm","T","360.00","GRM188R60J106ME47"
"C129","C0603","14.2752mm","6.5001mm","14.3mm","6.5mm","13.4751mm","6.5001mm","T","360.00","GRM188R60J106ME47"
"R59","RESC1005[0402]","78.3mm","52.2mm","78.3mm","52.2mm","77.775mm","52.2mm","B","360.00","ERJ-2RKF1002X"
"C121","C0402_IPC_High_Density","66.9mm","18.8mm","66.9mm","18.8mm","66.4mm","18.8mm","B","360.00","GRM155R71C104KA88"
"BT1","THAF14","82.9499mm","29.225mm","82.9499mm","29.225mm","82.0999mm","31.85mm","B","270.00","THAF14 (TD-26EA-Y)"
"R72","RESC1005[0402]","46.425mm","40mm","46.425mm","40mm","46.425mm","40.525mm","T","270.00","ERJ-2RKF4751X"
"R69","RESC1005[0402]","45.175mm","40mm","45.175mm","40mm","45.175mm","39.475mm","T","90.00","ERJ-2RKF4751X"
"R62","RESC1005[0402]","29.6mm","6.7mm","29.6mm","6.7mm","29.6mm","7.225mm","B","270.00","ERJ-2RKF2001X"
"R63","RESC1005[0402]","33mm","7.2mm","33mm","7.2mm","32.475mm","7.2mm","B","360.00","ERJ-2RKF1051X"
"R60","RESC1005[0402]","39.5mm","9.4mm","39.5mm","9.4mm","39.5mm","8.875mm","B","90.00","ERJ-2RKF1002X"
"R61","RESC1005[0402]","26.1mm","6.7mm","26.1mm","6.7mm","26.1mm","7.225mm","B","270.00","ERJ-2RKF1002X"
"C89","C0402_IPC_HIGH_DENSITY","30.7mm","6.7mm","30.7mm","6.7mm","30.7mm","7.2mm","B","270.00","GRM155R71C104KA88"
"C88","C0402_IPC_HIGH_DENSITY","27.4mm","6.7mm","27.4mm","6.7mm","27.4mm","7.2mm","B","270.00","GRM155R71C104KA88"
"C87","C0402_IPC_HIGH_DENSITY","28.5mm","6.7mm","28.5mm","6.7mm","28.5mm","7.2mm","B","270.00","GRM155R71C104KA88"
"C23","C0402_IPC_HIGH_DENSITY","34.1mm","32.8mm","34.1mm","32.8mm","34.1mm","32.3mm","B","90.00","GRM155R71C104KA88"
"C22","C0402_IPC_HIGH_DENSITY","33.4mm","30mm","33.4mm","30mm","33.9mm","30mm","T","180.00","GRM155R71C104KA88"
"C21","C0402_IPC_HIGH_DENSITY","26.8mm","30mm","26.8mm","30mm","26.3mm","30mm","T","360.00","GRM155R71C104KA88"
"R88","RESC1005[0402]","4.7mm","5.6mm","4.7mm","5.6mm","4.7mm","6.125mm","B","270.00","ERJ-2RKF1051X"
"R71","RESC1005[0402]","81mm","4.4mm","81mm","4.4mm","81.525mm","4.4mm","B","180.00","ERJ-2RKF1002X"
"VD4","SOT-23","70.8mm","13.3mm","70.8mm","13.3mm","71.75mm","12.3mm","B","90.00","BAT54C-G"
"R78","RESC1005[0402]","59.3mm","15.3mm","59.3mm","15.3mm","59.3mm","15.825mm","T","270.00","ERJ-2RKF4751X"
"R76","RESC1005[0402]","58mm","15.3mm","58mm","15.3mm","58mm","15.825mm","T","270.00","ERJ-2RKF4751X"
"BQ3","3215","55mm","13.75mm","55mm","13.75mm","53.75mm","13.75mm","T","360.00","DTS310S"
"R77","RESC1005[0402]","19.625mm","25.1mm","19.625mm","25.1mm","20.15mm","25.1mm","T","180.00","ERJ-2RKF1051X"
"LED2","LED0603","19.325mm","22.8mm","19.325mm","22.8mm","18.4875mm","22.8mm","T","360.00","FYLS-0603PGC"
"C120","C0402_IPC_HIGH_DENSITY","72.6mm","18.3mm","72.6mm","18.3mm","72.6mm","17.8mm","B","90.00","GRM155R71C104KA88"
"C90","C0402_IPC_HIGH_DENSITY","41.225mm","39.3mm","41.225mm","39.3mm","41.225mm","38.8mm","B","90.00","GRM155R71C104KA88"
"R92","RESC1005[0402]","10.2mm","16.6mm","10.2mm","16.6mm","10.2mm","17.125mm","B","270.00","ERJ-2RKF1002X"
"R90","RESC1005[0402]","7.1mm","3.1mm","7.1mm","3.1mm","7.1mm","2.575mm","B","90.00","ERJ-2RKF9090X"
"R87","RESC1005[0402]","6.6mm","6.1mm","6.6mm","6.1mm","7.125mm","6.1mm","B","180.00","ERJ-2RKF4751X"
"R82","RESC1005[0402]","40.0249mm","6.525mm","40.0249mm","6.525mm","39.4999mm","6.525mm","T","360.00","ERJ-2RKF1051X"
"R80","RESC1005[0402]","42.4499mm","6.525mm","42.4499mm","6.525mm","41.9249mm","6.525mm","T","360.00","ERJ-2RKF4751X"
"R81","RESC1005[0402]","63.525mm","37mm","63.525mm","37mm","64.05mm","37mm","B","180.00","ERJ-2RKF4751X"
"R79","RESC1005[0402]","63.25mm","35mm","63.25mm","35mm","63.25mm","35.525mm","B","270.00","ERJ-2RKF6041X"
"C122","C0603","69.9248mm","21.0001mm","69.9mm","21mm","70.7249mm","21.0001mm","B","180.00","GRM188R60J106ME47"
"C108","C0603","55.5248mm","15.5999mm","55.5mm","15.6mm","56.3249mm","15.5999mm","T","180.00","GRM188R60J106ME47"
"C105","C0603","48.425mm","8.2749mm","48.4499mm","8.275mm","47.625mm","8.2749mm","B","360.00","GRM188R60J106ME47"
"C95","C0603","39.2498mm","8.8002mm","39.2499mm","8.825mm","39.2498mm","8.0001mm","T","90.00","GRM188R60J106ME47"
"C118","C0603","18.0249mm","27.5752mm","18.025mm","27.6mm","18.0249mm","26.7751mm","T","90.00","GRM188R60J106ME47"
"C117","C0603","21.4249mm","27.5752mm","21.425mm","27.6mm","21.4249mm","26.7751mm","T","90.00","GRM188R60J106ME47"
"C115","C0603","16.0502mm","33.3501mm","16.075mm","33.35mm","15.2501mm","33.3501mm","T","360.00","GRM188R60J106ME47"
"C98","C0603","61.9251mm","33.0874mm","61.9499mm","33.0875mm","61.125mm","33.0874mm","B","360.00","GRM188R60J106ME47"
"C103","C0603","61.25mm","34.3499mm","61.2499mm","34.325mm","61.25mm","35.1499mm","T","270.00","GRM188R60J106ME47"
"C93","C0603","66.0001mm","39.2748mm","66mm","39.25mm","66.0001mm","40.0749mm","T","270.00","GRM188R60J106ME47"
"L7","CDRH2D18B/HPNP-3R3N","48.5mm","11mm","48.5mm","11mm","47.1mm","11mm","T","180.00","CDRH2D18/HP-3R3N"
"DD9","SOT23-5","44mm","8.75mm","44mm","8.75mm","45.35mm","7.8mm","T","180.00","SY8008C"
"DD8","SOT23-5","64mm","36mm","64mm","36mm","63.05mm","34.65mm","T","90.00","SY8008C"
"C139","C0402_IPC_HIGH_DENSITY","8.9mm","16.6mm","8.9mm","16.6mm","8.9mm","17.1mm","B","270.00","GRM155R71E682KA01"
"C138","C0402_IPC_HIGH_DENSITY","7.6mm","16.6mm","7.6mm","16.6mm","7.6mm","17.1mm","B","270.00","GRM1555C1H150"
"C137","C0402_IPC_HIGH_DENSITY","6.6mm","4.9mm","6.6mm","4.9mm","6.1mm","4.9mm","B","360.00","GRM1555C1H680JZ01"
"C101","C0402_IPC_HIGH_DENSITY","44.8499mm","5.925mm","44.8499mm","5.925mm","45.3499mm","5.925mm","T","180.00","GRM1555C1H680JZ01"
"C110","C0402_IPC_HIGH_DENSITY","51.7499mm","13.425mm","51.7499mm","13.425mm","51.7499mm","12.925mm","B","90.00","GRM155R71C104KA88"
"C97","C0402_IPC_HIGH_DENSITY","62mm","35mm","62mm","35mm","62mm","34.5mm","B","90.00","GRM1555C1H680JZ01"
"C104","C0402_IPC_HIGH_DENSITY","58.5499mm","30.925mm","58.5499mm","30.925mm","58.5499mm","30.425mm","B","90.00","GRM155R71C104KA88"
"R44","RESC1005[0402]","69.3mm","26.9mm","69.3mm","26.9mm","69.3mm","27.425mm","B","270.00","ERJ-2RKF1002X"
"R43","RESC1005[0402]","70.6mm","26.9mm","70.6mm","26.9mm","70.6mm","27.425mm","B","270.00","ERJ-2RKF1002X"
"C59","C0402_IPC_HIGH_DENSITY","53.7mm","19.6mm","53.7mm","19.6mm","53.7mm","20.1mm","B","270.00","GRM155R71C104KA88"
"R70","RESC1005[0402]","81mm","5.7mm","81mm","5.7mm","80.475mm","5.7mm","B","360.00","ERJ-2RKF2001X"
"R68","RESC1005[0402]","81mm","7mm","81mm","7mm","80.475mm","7mm","B","360.00","ERJ-2RKF2001X"
"XP13","PJ-002BH-SMT","4.95mm","8.2mm","-3.5mm","8mm","1.9mm","13.8mm","T","360.00","PJ-002BH-SMT"
"XP6","RCJ-044","72.975mm","23.2mm","73.6mm","23.2mm","73.6mm","23.2mm","T","90.00","RCJ-044"
"C2","C0402_IPC_HIGH_DENSITY","35mm","39mm","35mm","39mm","35.5mm","39mm","B","180.00","GRM155R71C104KA88"
"C81","C0402_IPC_HIGH_DENSITY","75mm","46.6mm","75mm","46.6mm","75mm","46.1mm","B","90.00","GRM155R71C104KA88"
"C6","C0402_IPC_HIGH_DENSITY","26.8mm","38.9mm","26.8mm","38.9mm","26.3mm","38.9mm","B","360.00","GRM155R71C104KA88"
"C7","C0402_IPC_HIGH_DENSITY","36mm","19.5mm","36mm","19.5mm","36.5mm","19.5mm","B","180.00","GRM155R71C104KA88"
"C8","C0402_IPC_HIGH_DENSITY","29.2mm","38.9mm","29.2mm","38.9mm","29.7mm","38.9mm","B","180.00","GRM155R71C104KA88"
"C9","C0402_IPC_HIGH_DENSITY","34.0499mm","20.425mm","34.0499mm","20.425mm","34.5499mm","20.425mm","B","180.00","GRM155R71C104KA88"
"C10","C0402_IPC_HIGH_DENSITY","33mm","39mm","33mm","39mm","33.5mm","39mm","B","180.00","GRM155R71C104KA88"
"C11","C0402_IPC_HIGH_DENSITY","33.6mm","18.3mm","33.6mm","18.3mm","34.1mm","18.3mm","B","180.00","GRM155R71C104KA88"
"C14","C0402_IPC_HIGH_DENSITY","36.9mm","37.9mm","36.9mm","37.9mm","36.9mm","38.4mm","B","270.00","GRM155R71C104KA88"
"C15","C0402_IPC_HIGH_DENSITY","26.7mm","18.4mm","26.7mm","18.4mm","26.2mm","18.4mm","B","360.00","GRM155R71C104KA88"
"C19","C0402_IPC_HIGH_DENSITY","36mm","30mm","36mm","30mm","36.5mm","30mm","T","180.00","GRM155R71C104KA88"
"C20","C0402_IPC_HIGH_DENSITY","29.3mm","18.4mm","29.3mm","18.4mm","29.8mm","18.4mm","B","180.00","GRM155R71C104KA88"
"C29","C0402_IPC_HIGH_DENSITY","29.4mm","33.9mm","29.4mm","33.9mm","29.4mm","34.4mm","B","270.00","GRM155R71C104KA88"
"C30","C0402_IPC_HIGH_DENSITY","30.3mm","21.8mm","30.3mm","21.8mm","30.3mm","22.3mm","B","270.00","GRM155R71C104KA88"
"C33","C0402_IPC_HIGH_DENSITY","41.825mm","29.6mm","41.825mm","29.6mm","41.325mm","29.6mm","B","360.00","GRM155R71C104KA88"
"C34","C0402_IPC_HIGH_DENSITY","49.0499mm","22.825mm","49.0499mm","22.825mm","49.5499mm","22.825mm","B","180.00","GRM155R71C104KA88"
"C36","C0402_IPC_HIGH_DENSITY","47.0499mm","18.425mm","47.0499mm","18.425mm","47.0499mm","17.925mm","B","90.00","GRM155R71C104KA88"
"C37","C0402_IPC_HIGH_DENSITY","49.0499mm","21.825mm","49.0499mm","21.825mm","48.5499mm","21.825mm","B","360.00","GRM155R71C104KA88"
"C4","C0402_IPC_HIGH_DENSITY","61.425mm","37.7mm","61.425mm","37.7mm","61.425mm","37.2mm","B","90.00","GRM155R71C104KA88"
"C5","C0603","63.5249mm","40.9248mm","63.525mm","40.9mm","63.5249mm","41.7249mm","B","270.00","GRM188R60J106ME47"
"C12","C0402_IPC_HIGH_DENSITY","54mm","43.75mm","54mm","43.75mm","54mm","43.25mm","B","90.00","GRM155R71C104KA88"
"C13","C0603","63.5251mm","44.0752mm","63.525mm","44.1mm","63.5251mm","43.2751mm","B","90.00","GRM188R60J106ME47"
"C16","C0402_IPC_HIGH_DENSITY","65.75mm","41.5mm","65.75mm","41.5mm","66.25mm","41.5mm","T","180.00","GRM1555C1H150"
"C17","C0402_IPC_HIGH_DENSITY","66.25mm","47mm","66.25mm","47mm","65.75mm","47mm","T","360.00","GRM1555C1H150"
"C18","C0402_IPC_HIGH_DENSITY","11.7mm","45.6mm","11.7mm","45.6mm","12.2mm","45.6mm","B","180.00","GRM155R71C104KA88"
"C26","C0402_IPC_HIGH_DENSITY","60.525mm","37.7mm","60.525mm","37.7mm","60.525mm","37.2mm","B","90.00","GRM155R71C104KA88"
"C27","C0603","59.3251mm","37.1752mm","59.325mm","37.2mm","59.3251mm","36.3751mm","B","90.00","GRM188R60J106ME47"
"C28","C0402_IPC_HIGH_DENSITY","57.5mm","45.75mm","57.5mm","45.75mm","57mm","45.75mm","B","360.00","GRM155R71C104KA88"
"C32","C0402_IPC_HIGH_DENSITY","57.025mm","37mm","57.025mm","37mm","57.025mm","36.5mm","B","90.00","GRM155R71C104KA88"
"C39","C0402_IPC_HIGH_DENSITY","50.1mm","48.2mm","50.1mm","48.2mm","50.1mm","48.7mm","B","270.00","GRM155R71C104KA88"
"C40","C0402_IPC_HIGH_DENSITY","54.5mm","48.25mm","54.5mm","48.25mm","54mm","48.25mm","B","360.00","GRM155R71C104KA88"
"DD1","TFBGA336","48.9249mm","28mm","48.925mm","28mm","42.75mm","34.175mm","T","0.00","Allwinner A10S"
"DD2","LQFP48","59mm","42mm","59mm","42mm","61.7501mm","46.3mm","T","180.00","RTL8201CP"
"DD11","SO-8_N","11mm","10.4mm","11mm","10.4mm","12.905mm","8mm","B","90.00","NCP3170BDR2G"
"DD3","FBGA78","31.2mm","34.6001mm","31.2mm","34.6mm","36.0001mm","37.8002mm","T","270.00","H5TQ2G83CFR-H9C"
"DD6","FBGA78","31.2mm","21.7251mm","31.2mm","21.725mm","36.0001mm","24.9251mm","T","270.00","H5TQ2G83CFR-H9C"
"L1","L_0402","63.5mm","38.8mm","63.5mm","38.8mm","64.025mm","38.8mm","B","180.00","BLM15PX331SN1"
"L2","L_0402","60.7499mm","40.525mm","60.7499mm","40.525mm","60.7499mm","40mm","B","90.00","BLM15PX331SN1"
"R3","RESC1005[0402]","52.1499mm","34.625mm","52.1499mm","34.625mm","52.6749mm","34.625mm","B","180.00","ERJ-2RKF4751X"
"R4","RESC1005[0402]","56.6001mm","44.2252mm","56.6001mm","44.2252mm","57.1251mm","44.2252mm","B","180.00","ERJ-2RKF4751X"
"R5","RESC1005[0402]","56.8001mm","48.1252mm","56.8001mm","48.1252mm","57.3251mm","48.1252mm","B","180.00","ERJ-2RKF4751X"
"R6","RESC1005[0402]","60.1mm","47.2mm","60.1mm","47.2mm","59.575mm","47.2mm","B","360.00","ERJ-2RKF4751X"
"R8","RESC1005[0402]","60.1mm","48.4mm","60.1mm","48.4mm","59.575mm","48.4mm","B","360.00","ERJ-2RKF4751X"
"R11","RESC1005[0402]","55mm","43.75mm","55mm","43.75mm","55mm","44.275mm","B","270.00","ERJ-2RKF4751X"
"R12","RESC1005[0402]","58.025mm","37mm","58.025mm","37mm","58.025mm","36.475mm","B","90.00","ERJ-2RKF4751X"
"R25","RESC1005[0402]","64mm","47mm","64mm","47mm","63.475mm","47mm","T","360.00","ERJ-2RKF4751X"
"R28","RESC1005[0402]","53.05mm","38.5997mm","53.05mm","38.5997mm","53.575mm","38.5997mm","B","180.00","ERJ-2RKF4751X"
"R31","RESC1005[0402]","57.75mm","40.5mm","57.75mm","40.5mm","57.75mm","39.975mm","B","90.00","ERJ-2RKF4751X"
"XP10","PBD-40","42.63mm","2.77mm","18.5mm","1.5mm","18.5mm","1.5mm","T","360.00","PBD-40 (114A-DS40G)"
"R29","RESC1005[0402]","48.2499mm","18.4mm","48.2499mm","18.4mm","48.2499mm","17.875mm","B","90.00","ERJ-2RKF2001X"
"R30","RESC1005[0402]","49.0499mm","20.525mm","49.0499mm","20.525mm","48.5249mm","20.525mm","B","360.00","ERJ-2RKF2001X"
"R10","RESC1005[0402]","59mm","40.5mm","59mm","40.5mm","59mm","41.025mm","B","270.00","ERJ-2RKF2001X"
"R33","RESC1005[0402]","73.7001mm","40.2252mm","73.7001mm","40.2252mm","73.7001mm","40.7502mm","B","270.00","CR0402-J/-000GLF not_mount"
"R7","RESC1005[0402]","39.4mm","19.5747mm","39.4mm","19.5747mm","39.4mm","19.0497mm","T","90.00","ERJ-2RKF22R0X"
"R9","RESC1005[0402]","40.5mm","19.5747mm","40.5mm","19.5747mm","40.5mm","19.0497mm","T","90.00","ERJ-2RKF22R0X"
"R16","RESC1005[0402]","39.75mm","34mm","39.75mm","34mm","39.225mm","34mm","B","360.00","ERJ-2RKF2400X"
"R17","RESC1005[0402]","31.125mm","28.5mm","31.125mm","28.5mm","31.65mm","28.5mm","T","180.00","ERJ-2RKF2400X"
"R20","RESC1005[0402]","51.25mm","48.25mm","51.25mm","48.25mm","51.25mm","48.775mm","B","270.00","ERJ-2RKF49R9X"
"R21","RESC1005[0402]","52.5mm","48.25mm","52.5mm","48.25mm","52.5mm","48.775mm","B","270.00","ERJ-2RKF49R9X"
"R22","RESC1005[0402]","54.5mm","47mm","54.5mm","47mm","55.025mm","47mm","B","180.00","ERJ-2RKF49R9X"
"R23","RESC1005[0402]","54.5mm","45.75mm","54.5mm","45.75mm","55.025mm","45.75mm","B","180.00","ERJ-2RKF49R9X"
"R18","RESC1005[0402]","31mm","15.5mm","31mm","15.5mm","31.525mm","15.5mm","T","180.00","ERJ-2RKF2400X"
"R1","RESC1005[0402]","6mm","45.75mm","6mm","45.75mm","6.525mm","45.75mm","B","180.00","ERJ-2RKF2400X"
"R2","RESC1005[0402]","6mm","47.25mm","6mm","47.25mm","6.525mm","47.25mm","B","180.00","ERJ-2RKF2400X"
"R13","RESC1005[0402]","54.875mm","34.625mm","54.875mm","34.625mm","54.35mm","34.625mm","B","360.00","CR0402-J/-000GLF not_mount"
"XP5","10029449-001RLF","80.3125mm","9.25mm","75.7mm","9.45mm","77.2mm","13.9501mm","T","360.00","10029449-001RLF"
"XS2","112J-TDAR-R","75.7mm","44.5mm","75.75mm","46.5mm","73.15mm","39.25mm","T","180.00","112J-TXAR-R"
"C47","C0603","79.0251mm","38.2752mm","79.025mm","38.3mm","79.0251mm","37.4751mm","B","90.00","GRM188R60J106ME47"
"R36","RESC1005[0402]","72.9mm","46.9mm","72.9mm","46.9mm","72.9mm","46.375mm","B","90.00","ERJ-2RKF1002X"
"R37","RESC1005[0402]","71.2mm","46.9mm","71.2mm","46.9mm","71.2mm","46.375mm","B","90.00","ERJ-2RKF1002X"
"R38","RESC1005[0402]","69.8mm","46.9mm","69.8mm","46.9mm","69.8mm","46.375mm","B","90.00","ERJ-2RKF1002X"
"R39","RESC1005[0402]","69.2mm","49.3mm","69.2mm","49.3mm","69.2mm","48.775mm","B","90.00","ERJ-2RKF1002X"
"R40","RESC1005[0402]","67.8mm","49.3mm","67.8mm","49.3mm","67.8mm","48.775mm","B","90.00","ERJ-2RKF1002X"
"R35","RESC1005[0402]","70.6mm","49.3mm","70.6mm","49.3mm","70.6mm","48.775mm","B","90.00","ERJ-2RKF1002X"
"XP2","USB_A_VERTICAL_PTH","71.525mm","33.725mm","87.275mm","30.275mm","74.525mm","33.7251mm","T","90.00","XUSB-F0125"
"R64","RESC1005[0402]","77.7mm","24.2mm","77.7mm","24.2mm","77.7mm","24.725mm","B","270.00","ERJ-2RKF22R0X"
"C69","C0402_IPC_HIGH_DENSITY","12.525mm","25.2mm","12.525mm","25.2mm","13.025mm","25.2mm","B","180.00","GRM155R71C104KA88"
"C68","C0402_IPC_HIGH_DENSITY","9.5mm","25.25mm","9.5mm","25.25mm","9mm","25.25mm","B","360.00","GRM155R71C104KA88"
"C70","C0402_IPC_HIGH_DENSITY","5.725mm","25.3mm","5.725mm","25.3mm","5.225mm","25.3mm","B","360.00","GRM155R71C104KA88"
"R50","RESC1005[0402]","9.5mm","26.75mm","9.5mm","26.75mm","8.975mm","26.75mm","B","0.00","ERJ-2RKF22R0X"
"R51","RESC1005[0402]","12.425mm","26.8mm","12.425mm","26.8mm","11.9mm","26.8mm","B","360.00","ERJ-2RKF22R0X"
"R52","RESC1005[0402]","7mm","26.75mm","7mm","26.75mm","6.475mm","26.75mm","B","360.00","ERJ-2RKF22R0X"
"C52","C0603","71.5002mm","38.0999mm","71.525mm","38.1mm","70.7001mm","38.0999mm","B","360.00","GRM188R60J106ME47"
"C53","C0603","71.4752mm","35.7999mm","71.5mm","35.8mm","70.6751mm","35.7999mm","B","360.00","GRM188R60J106ME47"
"DD4","SOT23-5","70.75mm","41mm","70.75mm","41mm","71.7mm","39.65mm","B","90.00","SY6280AAC"
"R46","RESC1005[0402]","67.925mm","39.6mm","67.925mm","39.6mm","67.925mm","39.075mm","B","90.00","ERJ-2RKF4751X"
"R45","RESC1005[0402]","67.925mm","42.4mm","67.925mm","42.4mm","67.925mm","42.925mm","B","270.00","ERJ-2RKF1002X"
"C124","CAPC2012[0805]","13.8mm","5.5mm","13.8mm","5.5mm","14.7mm","5.5mm","B","180.00","GRM21BR61E475KA12"
"C125","CAPC2012[0805]","10mm","5.5mm","10mm","5.5mm","9.1mm","5.5mm","B","360.00","GRM21BR61E475KA12"
"C126","C0402_IPC_HIGH_DENSITY","11.7mm","16.6mm","11.7mm","16.6mm","11.7mm","17.1mm","B","270.00","GRM155R71C104KA88"
"R85","RESC1005[0402]","13.1mm","16.6mm","13.1mm","16.6mm","13.1mm","17.125mm","B","270.00","ERJ-2RKF1002X"
"VD6","SMA","3.3mm","12.2mm","3.3mm","12.2mm","3.3mm","14.2mm","B","270.00","1SMA18AT3"
"XP4","MINI_USB,_R/A,_SMT,_B_TYPE","80.547mm","45.3mm","80.4mm","45.3mm","80.4mm","43.1001mm","B","180.00","1734035-1"
"C42","C0402_IPC_HIGH_DENSITY","46.325mm","26.7mm","46.325mm","26.7mm","46.825mm","26.7mm","B","180.00","GRM155R71C104KA88"
"C43","C0402_IPC_HIGH_DENSITY","28.7mm","27.8mm","28.7mm","27.8mm","28.7mm","27.3mm","B","90.00","GRM155R71C104KA88"
"C44","C0402_IPC_HIGH_DENSITY","48.925mm","25.075mm","48.925mm","25.075mm","48.925mm","25.575mm","B","270.00","GRM155R71C104KA88"
"C45","C0402_IPC_HIGH_DENSITY","46.4499mm","25.525mm","46.4499mm","25.525mm","46.9499mm","25.525mm","B","180.00","GRM155R71C104KA88"
"C46","C0402_IPC_HIGH_DENSITY","47.95mm","25.075mm","47.95mm","25.075mm","47.95mm","25.575mm","B","270.00","GRM155R71C104KA88"
"C50","C0402_IPC_HIGH_DENSITY","57.1499mm","30.925mm","57.1499mm","30.925mm","57.1499mm","31.425mm","B","270.00","GRM155R71C104KA88"
"C51","C0402_IPC_HIGH_DENSITY","59.8499mm","30.925mm","59.8499mm","30.925mm","59.8499mm","31.425mm","B","270.00","GRM155R71C104KA88"
"C49","C0603","45.3501mm","33.1752mm","45.35mm","33.2mm","45.3501mm","32.3751mm","B","90.00","GRM188R60J106ME47"
"C54","C0402_IPC_HIGH_DENSITY","50.225mm","30.275mm","50.225mm","30.275mm","50.225mm","29.775mm","B","90.00","GRM155R71C104KA88"
"C136","C0603","15.3002mm","30.8999mm","15.325mm","30.9mm","14.5001mm","30.8999mm","B","360.00","GRM188R60J106ME47"
"C55","C0402_IPC_HIGH_DENSITY","51.2mm","26.7mm","51.2mm","26.7mm","50.7mm","26.7mm","B","360.00","GRM155R71C104KA88"
"C56","C0402_IPC_HIGH_DENSITY","50.2499mm","25.125mm","50.2499mm","25.125mm","50.2499mm","25.625mm","B","270.00","GRM155R71C104KA88"
"C134","C0603","15.2002mm","32.6999mm","15.225mm","32.7mm","14.4001mm","32.6999mm","B","360.00","GRM188R60J106ME47"
"C57","C0402_IPC_HIGH_DENSITY","47.3mm","30.275mm","47.3mm","30.275mm","47.3mm","29.775mm","B","90.00","GRM155R71C104KA88"
"C58","C0402_IPC_HIGH_DENSITY","48.275mm","30.275mm","48.275mm","30.275mm","48.275mm","29.775mm","B","90.00","GRM155R71C104KA88"
"C60","C0402_IPC_HIGH_DENSITY","46.6996mm","28.825mm","46.6996mm","28.825mm","46.1996mm","28.825mm","B","360.00","GRM155R71C104KA88"
"C61","C0402_IPC_HIGH_DENSITY","46.325mm","30.275mm","46.325mm","30.275mm","46.325mm","30.775mm","B","270.00","GRM155R71C104KA88"
"C65","C0402_IPC_HIGH_DENSITY","49.25mm","30.275mm","49.25mm","30.275mm","49.25mm","29.775mm","B","90.00","GRM155R71C104KA88"
"C96","C0402_IPC_HIGH_DENSITY","41.5499mm","9.225mm","41.5499mm","9.225mm","41.5499mm","8.725mm","T","90.00","GRM155R71C104KA88"
"C127","C0402_IPC_HIGH_DENSITY","74.2499mm","44.525mm","74.2499mm","44.525mm","74.7499mm","44.525mm","B","180.00","GRM155R71C104KA88"
"C94","C0402_IPC_HIGH_DENSITY","66.1499mm","36.525mm","66.1499mm","36.525mm","66.1499mm","36.025mm","T","90.00","GRM155R71C104KA88"
"C66","C0402_IPC_HIGH_DENSITY","53.4mm","32.7mm","53.4mm","32.7mm","53.4mm","32.2mm","B","90.00","GRM155R71C104KA88"
"C67","C0402_IPC_HIGH_DENSITY","51.2mm","30.275mm","51.2mm","30.275mm","51.2mm","30.775mm","B","270.00","GRM155R71C104KA88"
"C72","C0402_IPC_HIGH_DENSITY","59.9499mm","42.625mm","59.9499mm","42.625mm","59.4499mm","42.625mm","B","360.00","GRM155R71C104KA88"
"C73","C0402_IPC_HIGH_DENSITY","54.7mm","7.8mm","54.7mm","7.8mm","54.2mm","7.8mm","B","360.00","GRM155R71C104KA88"
"C74","C0402_IPC_HIGH_DENSITY","51.2mm","27.675mm","51.2mm","27.675mm","50.7mm","27.675mm","B","360.00","GRM155R71C104KA88"
"C75","C0402_IPC_HIGH_DENSITY","17.1499mm","25.625mm","17.1499mm","25.625mm","17.1499mm","26.125mm","B","270.00","GRM155R71C104KA88"
"C76","C0402_IPC_HIGH_DENSITY","51.2mm","28.65mm","51.2mm","28.65mm","50.7mm","28.65mm","B","360.00","GRM155R71C104KA88"
"C77","C0402_IPC_HIGH_DENSITY","50.8499mm","23.125mm","50.8499mm","23.125mm","50.8499mm","22.625mm","B","90.00","GRM155R71C104KA88"
"C79","C0402_IPC_HIGH_DENSITY","53.0499mm","13.425mm","53.0499mm","13.425mm","53.0499mm","13.925mm","B","270.00","GRM155R71C104KA88"
"C82","C0402_IPC_HIGH_DENSITY","61.6mm","25.5mm","61.6mm","25.5mm","61.1mm","25.5mm","B","360.00","GRM155R71C104KA88"
"C84","C0402_IPC_HIGH_DENSITY","52.2mm","25.2mm","52.2mm","25.2mm","52.2mm","25.7mm","B","270.00","GRM155R71C104KA88"
"C83","C0603","58.3248mm","24.0001mm","58.3mm","24mm","59.1249mm","24.0001mm","B","180.00","GRM188R60J106ME47"
"C85","C0402_IPC_HIGH_DENSITY","54.3mm","21.8mm","54.3mm","21.8mm","54.3mm","21.3mm","B","90.00","GRM155R71C104KA88"
"C86","C0402_IPC_HIGH_DENSITY","46.2499mm","11.625mm","46.2499mm","11.625mm","46.2499mm","11.125mm","B","90.00","GRM155R71C104KA88"
"R56","RESC1005[0402]","58.7mm","22.6mm","58.7mm","22.6mm","59.225mm","22.6mm","B","180.00","ERJ-2GEJ1R0X"
"C41","C0402_IPC_HIGH_DENSITY","55.75mm","19.875mm","55.75mm","19.875mm","56.25mm","19.875mm","B","180.00","GRM1555C1H150"
"C48","C0402_IPC_HIGH_DENSITY","58.35mm","19.875mm","58.35mm","19.875mm","57.85mm","19.875mm","B","360.00","GRM1555C1H150"
"C128","C0603","14.2752mm","4.9001mm","14.3mm","4.9mm","13.4751mm","4.9001mm","T","360.00","GRM188R60J106ME47"
"C131","C0603","15.3002mm","34.1999mm","15.325mm","34.2mm","14.5001mm","34.1999mm","B","360.00","GRM188R60J106ME47"
"C132","C0603","22.5752mm","5.9999mm","22.6mm","6mm","21.7751mm","5.9999mm","B","360.00","GRM188R60J106ME47"
"C133","C0603","80.6498mm","33.5001mm","80.625mm","33.5mm","81.4499mm","33.5001mm","B","180.00","GRM188R60J106ME47"
"R32","RESC1005[0402]","51.5749mm","43.725mm","51.5749mm","43.725mm","51.5749mm","43.2mm","B","90.00","ERJ-2RKF1002X"
"L5","CDRH2D18B/HPNP-3R3N","63.8mm","32.0997mm","63.8mm","32.0997mm","65.2mm","32.0997mm","T","360.00","CDRH2D18/HP-3R3N"
"LED1","LED0603","59.7mm","48.3mm","59.7mm","48.3mm","60.5375mm","48.3mm","T","180.00","FYLS-0603PGC"
"BQ2","3225","57.1mm","17.55mm","58.35mm","16.625mm","58.35mm","16.625mm","B","180.00","FT13A 24.0 MHz"
"BQ1","3225","66.325mm","44mm","67.25mm","42.75mm","67.25mm","42.75mm","T","90.00","FT13A 25.0 MHz"
"C25","C0402_IPC_HIGH_DENSITY","29.2mm","30mm","29.2mm","30mm","29.7mm","30mm","T","180.00","GRM155R71C104KA88"
"C31","C0402_IPC_HIGH_DENSITY","34.425mm","37.4mm","34.425mm","37.4mm","34.925mm","37.4mm","B","180.00","GRM155R71C104KA88"
"XS1","HR911105A","10.1295mm","45.55mm","9mm","45.5mm","14.494mm","49.995mm","T","270.00","HR911105A"
"C24","C0603","11.2752mm","47.3999mm","11.3mm","47.4mm","10.4751mm","47.3999mm","B","360.00","GRM188R60J106ME47"
"XP11","PBD-30","41.38mm","52.37mm","23.6mm","51.1mm","23.6mm","51.1mm","T","360.00","PBD-30 (114A-DS30G)"
"C78","CAPC2012[0805]","8.5mm","22.75mm","8.5mm","22.75mm","7.6mm","22.75mm","B","360.00","GRM21BR61E475KA12"
"C80","CAPC2012[0805]","12.7mm","22.7mm","12.7mm","22.7mm","11.8mm","22.7mm","B","360.00","GRM21BR61E475KA12"
"R73","RESC1005[0402]","56.625mm","48.7mm","56.625mm","48.7mm","57.15mm","48.7mm","T","180.00","ERJ-2RKF1051X"
"R53","RESC1005[0402]","80.525mm","37.8mm","80.525mm","37.8mm","80.525mm","38.325mm","B","270.00","ERJ-2RKF1051X"
"C64","C0603","64.9752mm","23.7999mm","65mm","23.8mm","64.1751mm","23.7999mm","B","360.00","GRM188R60J106ME47"
"C62","C0603","64.9752mm","22.2999mm","65mm","22.3mm","64.1751mm","22.2999mm","B","360.00","GRM188R60J106ME47"
"R49","RESC1005[0402]","64.8mm","20.9mm","64.8mm","20.9mm","65.325mm","20.9mm","B","180.00","ERJ-2RKF2213X"
"C99","C0603","61.9251mm","31.5796mm","61.9499mm","31.5797mm","61.125mm","31.5796mm","B","360.00","GRM188R60J106ME47"
"C106","C0603","48.4752mm","8.2501mm","48.5mm","8.25mm","47.6751mm","8.2501mm","T","360.00","GRM188R60J106ME47"
"C109","C0603","55.5248mm","17.0999mm","55.5mm","17.1mm","56.3249mm","17.0999mm","T","180.00","GRM188R60J106ME47"
"C112","C0603","54.9083mm","30.3166mm","54.8835mm","30.3165mm","55.7084mm","30.3166mm","B","180.00","GRM188R60J106ME47"
"R67","RESC1005[0402]","45.725mm","40mm","45.725mm","40mm","45.725mm","39.475mm","B","90.00","ERJ-2RKF1051X"
"C63","C0402_IPC_High_Density","81.625mm","36.6mm","81.625mm","36.6mm","81.625mm","36.1mm","B","90.00","GRM155R71E682KA01"
"C100","C0603","57.2251mm","33.6002mm","57.225mm","33.625mm","57.2251mm","32.8001mm","B","90.00","GRM188R60J106ME47"
"R48","RESC1005[0402]","82.7499mm","36.625mm","82.7499mm","36.625mm","82.7499mm","36.1mm","B","90.00","CR0402-J/-000GLF not_mount"
"R24","RESC1005[0402]","15.2499mm","39.625mm","15.2499mm","39.625mm","15.7749mm","39.625mm","B","180.00","CR0402-J/-000GLF not_mount"
"XP3","PJ320D","5.8501mm","20.7752mm","-0.5999mm","23.8252mm","10.7001mm","17.4252mm","T","360.00","PJ320D"
"XP1","PJ320D","5.8501mm","31.0252mm","-0.5999mm","34.0752mm","10.7001mm","27.6752mm","T","360.00","PJ320D"
"VD1","SLP2510P8","74.0625mm","12.725mm","74.075mm","12.7mm","73.625mm","13.725mm","T","0.00","RCLAMP0524P"
"VD2","SLP2510P8","74.0625mm","9.8mm","74.075mm","9.775mm","73.625mm","10.8mm","T","0.00","RCLAMP0524P"
"VD3","SOT-23","81.3mm","12.5mm","81.3mm","12.5mm","80.3mm","11.55mm","B","360.00","BAT54C-G"
"VD11","SOT-23","76.9mm","12.9mm","76.9mm","12.9mm","75.9mm","11.95mm","B","360.00","BAV99"
"VD9","SOT-23","76.9mm","6.3mm","76.9mm","6.3mm","75.9mm","5.35mm","B","360.00","BAV99"
"VD8","SOT-23","76.9mm","9.75mm","76.9mm","9.75mm","75.9mm","8.8mm","B","360.00","BAV99"
"VD10","SOT-23","73.2mm","6.3mm","73.2mm","6.3mm","72.2mm","5.35mm","B","360.00","BAV99"
"R75","RESC1005[0402]","69.6mm","8.4mm","69.6mm","8.4mm","69.6mm","8.925mm","B","270.00","ERJ-2RKF4751X"
"R93","RESC1005[0402]","68.3mm","8.4mm","68.3mm","8.4mm","68.3mm","8.925mm","B","270.00","ERJ-2RKF4751X"
"VD7","SOT-23","80.6mm","23.2mm","80.6mm","23.2mm","81.6mm","24.15mm","B","180.00","BAV99"
"XP7","PLD-10","41.38mm","44.77mm","36.3mm","43.5mm","36.3mm","43.5mm","T","360.00","PLD-10"
"XP14","PLD-10_not_mount","26.18mm","44.77mm","21.1mm","43.5mm","21.1mm","43.5mm","T","360.00","PLD-10_not_mount"
"C142","C0402_IPC_High_Density","80.2mm","9mm","80.2mm","9mm","79.7mm","9mm","B","360.00","GRM155R71C104KA88"
"C143","C0402_IPC_High_Density","69.3mm","6.3mm","69.3mm","6.3mm","68.8mm","6.3mm","T","360.00","GRM155R71C104KA88"
"R14","RESC1005[0402]","71.7mm","6.3mm","71.7mm","6.3mm","72.225mm","6.3mm","T","180.00","ERJ-2RKF1002X"
"C38","C0603","19.7249mm","27.5752mm","19.725mm","27.6mm","19.7249mm","26.7751mm","T","90.00","GRM188R60J106ME47"
"DD5","SOT23-5","15.325mm","29.85mm","15.325mm","29.85mm","16.275mm","31.2mm","T","270.00","NCP603SN150T1G"
"R26","RESC1005[0402]","40mm","48.2mm","40mm","48.2mm","40.525mm","48.2mm","T","180.00","ERJ-2RKF2400X"
"R27","RESC1005[0402]","42.525mm","40.475mm","42.525mm","40.475mm","42mm","40.475mm","T","360.00","ERJ-2RKF2400X"
"R41","RESC1005[0402]","19.725mm","49.1mm","19.725mm","49.1mm","19.725mm","48.575mm","T","90.00","ERJ-2RKF2400X"
"R42","RESC1005[0402]","21.425mm","49.1mm","21.425mm","49.1mm","21.425mm","48.575mm","T","90.00","ERJ-2RKF2400X"
"R47","RESC1005[0402]","43.925mm","48.4mm","43.925mm","48.4mm","43.925mm","47.875mm","T","90.00","ERJ-2RKF2400X"
"R54","RESC1005[0402]","45.925mm","48.4mm","45.925mm","48.4mm","45.925mm","47.875mm","T","90.00","ERJ-2RKF2400X"
"R55","RESC1005[0402]","48.025mm","48.8mm","48.025mm","48.8mm","48.55mm","48.8mm","T","180.00","ERJ-2RKF2400X"
"R83","RESC1005[0402]","52.025mm","48.8mm","52.025mm","48.8mm","52.55mm","48.8mm","T","180.00","ERJ-2RKF2400X"

